<?xml version="1.0" encoding="UTF-8"?><ValueSet xmlns="http://hl7.org/fhir"><id value="pregnancystatus-values"/><text><status value="generated"/><div xmlns="http://www.w3.org/1999/xhtml"><p>This value set includes codes based on the following rules:</p><ul><li>Include these codes as defined in <a href="http://loinc.org"><code>http://loinc.org</code></a><table class="none"><tr><td style="white-space:nowrap"><b>Code</b></td><td><b>Display</b></td></tr><tr><td><a href="https://loinc.org/LA15173-0/">LA15173-0</a></td><td>Pregnant</td></tr><tr><td><a href="https://loinc.org/LA26683-5/">LA26683-5</a></td><td>Not pregnant</td></tr><tr><td><a href="https://loinc.org/LA4489-6/">LA4489-6</a></td><td>Unknown</td></tr></table></li><li>Include these codes as defined in <a href="http://www.snomed.org/"><code>http://snomed.info/sct</code></a><table class="none"><tr><td style="white-space:nowrap"><b>Code</b></td><td><b>Display</b></td></tr><tr><td><a href="http://snomed.info/id/77386006">77386006</a></td><td>Pregnant</td></tr><tr><td><a href="http://snomed.info/id/60001007">60001007</a></td><td>Not pregnant</td></tr><tr><td><a href="http://snomed.info/id/261665006">261665006</a></td><td>Unknown</td></tr></table></li></ul></div></text><url value="http://smart.who.int/ig/smart-immunizations-measles-path-zambia/ValueSet/pregnancystatus-values"/><version value="0.1.0"/><name value="pregnancystatus-values"/><title value="Pregnancy status values"/><status value="draft"/><experimental value="false"/><date value="2023-10-12T09:43:25-04:00"/><publisher value="DANIEL NGANDU"/><contact><name value="DANIEL NGANDU"/><telecom><system value="url"/><value value="http://who.int"/></telecom></contact><description value="Codes representing possible values for the Pregnancy status element"/><jurisdiction><coding><system value="http://unstats.un.org/unsd/methods/m49/m49.htm"/><code value="001"/></coding></jurisdiction><immutable value="true"/><compose><include><system value="http://loinc.org"/><concept><code value="LA15173-0"/><display value="Pregnant"/></concept><concept><code value="LA26683-5"/><display value="Not pregnant"/></concept><concept><code value="LA4489-6"/><display value="Unknown"/></concept></include><include><system value="http://snomed.info/sct"/><concept><code value="77386006"/><display value="Pregnant"/></concept><concept><code value="60001007"/><display value="Not pregnant"/></concept><concept><code value="261665006"/><display value="Unknown"/></concept></include></compose></ValueSet>