<?xml version="1.0" encoding="UTF-8"?>

<ActivityDefinition xmlns="http://hl7.org/fhir">
  <id value="IMMZD2DTMeaslesMR"/>
  <meta>
    <profile value="http://hl7.org/fhir/uv/cpg/StructureDefinition/cpg-immunizationactivity"/>
  </meta>
  <text>
    <status value="extensions"/><div xmlns="http://www.w3.org/1999/xhtml"><p><b>Generated Narrative: ActivityDefinition</b><a name="IMMZD2DTMeaslesMR"> </a></p><div style="display: inline-block; background-color: #d9e0e7; padding: 6px; margin: 4px; border: 1px solid #8da1b4; border-radius: 5px; line-height: 60%"><p style="margin-bottom: 0px">Resource ActivityDefinition &quot;IMMZD2DTMeaslesMR&quot; </p><p style="margin-bottom: 0px">Profile: <a href="https://build.fhir.org/ig/HL7/cqf-recommendations//StructureDefinition-cpg-immunizationactivity.html">CPG Immunization Activity</a></p></div><p><b>CPG Knowledge Capability Extension</b>: computable</p><p><b>url</b>: <code>http://smart.who.int/ig/smart-immunizations-measles-path-zambia/ActivityDefinition/IMMZD2DTMeaslesMR</code></p><p><b>version</b>: 0.1.0</p><p><b>name</b>: IMMZD2DTMeaslesMedicationRequest</p><p><b>title</b>: IMMZ.D2.DT.Measles.MR</p><p><b>status</b>: draft</p><p><b>experimental</b>: false</p><p><b>date</b>: 2023-10-03</p><p><b>publisher</b>: DANIEL NGANDU</p><p><b>contact</b>: DANIEL NGANDU: <a href="http://who.int">http://who.int</a></p><p><b>description</b>: Provide measles immunization</p><p><b>library</b>: <a href="Library-IMMZD2DTMeasles.html">IMMZD2DTMeasles</a></p><p><b>kind</b>: MedicationRequest</p><p><b>profile</b>: <a href="https://build.fhir.org/ig/HL7/cqf-recommendations//StructureDefinition-cpg-immunizationrequest.html">CPG Immunization Request</a></p><p><b>intent</b>: proposal</p><p><b>doNotPerform</b>: false</p><p><b>product</b>: Measles vaccines <span style="background: LightGoldenRodYellow; margin: 4px; border: 1px solid khaki"> (<a href="CodeSystem-ICD11.html">ICD-11</a>#XM28X5)</span></p><blockquote><p><b>dynamicValue</b></p><p><b>path</b>: status</p><h3>Expressions</h3><table class="grid"><tr><td style="display: none">-</td><td><b>Language</b></td><td><b>Expression</b></td></tr><tr><td style="display: none">*</td><td>text/cql</td><td>'draft'</td></tr></table></blockquote><blockquote><p><b>dynamicValue</b></p><p><b>path</b>: intent</p><h3>Expressions</h3><table class="grid"><tr><td style="display: none">-</td><td><b>Language</b></td><td><b>Expression</b></td></tr><tr><td style="display: none">*</td><td>text/cql</td><td>'proposal'</td></tr></table></blockquote><blockquote><p><b>dynamicValue</b></p><p><b>path</b>: dispenseRequest.validityPeriod.start</p><h3>Expressions</h3><table class="grid"><tr><td style="display: none">-</td><td><b>Description</b></td><td><b>Language</b></td><td><b>Expression</b></td></tr><tr><td style="display: none">*</td><td>Due date of the dose</td><td>text/cql-identifier</td><td>Schedule Due Date for MCV dose</td></tr></table></blockquote><blockquote><p><b>dynamicValue</b></p><p><b>path</b>: dispenseRequest.validityPeriod.end</p><h3>Expressions</h3><table class="grid"><tr><td style="display: none">-</td><td><b>Description</b></td><td><b>Language</b></td><td><b>Expression</b></td></tr><tr><td style="display: none">*</td><td>Expiration date for MCV dose</td><td>text/cql-identifier</td><td>Expiration Date for MCV dose</td></tr></table></blockquote></div>
  </text>
  <extension url="http://hl7.org/fhir/uv/cpg/StructureDefinition/cpg-knowledgeCapability">
    <valueCode value="computable"/>
  </extension>
  <url value="http://smart.who.int/ig/smart-immunizations-measles-path-zambia/ActivityDefinition/IMMZD2DTMeaslesMR"/>
  <version value="0.1.0"/>
  <name value="IMMZD2DTMeaslesMedicationRequest"/>
  <title value="IMMZ.D2.DT.Measles.MR"/>
  <status value="draft"/>
  <experimental value="false"/>
  <date value="2023-10-03"/>
  <publisher value="DANIEL NGANDU"/>
  <contact>
    <name value="DANIEL NGANDU"/>
    <telecom>
      <system value="url"/>
      <value value="http://who.int"/>
    </telecom>
  </contact>
  <description value="Provide measles immunization"/>
  <library value="http://smart.who.int/ig/smart-immunizations-measles/Library/IMMZD2DTMeasles"/>
  <kind value="MedicationRequest"/>
  <profile value="http://hl7.org/fhir/uv/cpg/StructureDefinition/cpg-immunizationrequest"/>
  <intent value="proposal"/>
  <doNotPerform value="false"/>
  <productCodeableConcept>
    <coding>
      <system value="http://id.who.int/icd11/mms"/>
      <code value="XM28X5"/>
      <display value="Measles vaccines"/>
    </coding>
  </productCodeableConcept>
  <dynamicValue>
    <path value="status"/>
    <expression>
      <language value="text/cql"/>
      <expression value="'draft'"/>
    </expression>
  </dynamicValue>
  <dynamicValue>
    <path value="intent"/>
    <expression>
      <language value="text/cql"/>
      <expression value="'proposal'"/>
    </expression>
  </dynamicValue>
  <dynamicValue>
    <path value="dispenseRequest.validityPeriod.start"/>
    <expression>
      <description value="Due date of the dose"/>
      <language value="text/cql-identifier"/>
      <expression value="Schedule Due Date for MCV dose"/>
    </expression>
  </dynamicValue>
  <dynamicValue>
    <path value="dispenseRequest.validityPeriod.end"/>
    <expression>
      <description value="Expiration date for MCV dose"/>
      <language value="text/cql-identifier"/>
      <expression value="Expiration Date for MCV dose"/>
    </expression>
  </dynamicValue>
</ActivityDefinition>