<?xml version="1.0" encoding="UTF-8"?>

<Measure xmlns="http://hl7.org/fhir">
  <id value="IMMZIND05"/>
  <meta>
    <profile value="http://hl7.org/fhir/us/cqfmeasures/StructureDefinition/cv-measure-cqfm"/>
  </meta>
  <text>
    <status value="extensions"/><div xmlns="http://www.w3.org/1999/xhtml"><p><b>Generated Narrative: Measure</b><a name="IMMZIND05"> </a></p><div style="display: inline-block; background-color: #d9e0e7; padding: 6px; margin: 4px; border: 1px solid #8da1b4; border-radius: 5px; line-height: 60%"><p style="margin-bottom: 0px">Resource Measure &quot;IMMZIND05&quot; </p><p style="margin-bottom: 0px">Profile: <a href="https://build.fhir.org/ig/HL7/cqf-measures//StructureDefinition-cv-measure-cqfm.html">CQFM Continuous Variable Measure</a></p></div><p><b>url</b>: <code>http://smart.who.int/ig/smart-immunizations-measles/Measure/IMMZIND05</code></p><p><b>version</b>: 0.1.0</p><p><b>name</b>: IMMZIND05</p><p><b>status</b>: draft</p><p><b>experimental</b>: false</p><p><b>date</b>: 2023-10-05</p><p><b>publisher</b>: DANIEL NGANDU</p><p><b>contact</b>: DANIEL NGANDU: <a href="http://who.int">http://who.int</a></p><p><b>description</b>: IMMZ.IND.05 Measles indicator for first dose.</p><p><b>library</b>: <a href="Library-IMMZINDMeasles.html">IMMZINDMeasles</a></p><p><b>scoring</b>: Continuous Variable <span style="background: LightGoldenRodYellow; margin: 4px; border: 1px solid khaki"> (<a href="http://terminology.hl7.org/5.2.0/CodeSystem-measure-scoring.html">MeasureScoring</a>#continuous-variable)</span></p><blockquote><p><b>group</b></p><blockquote><p><b>population</b></p><blockquote><p><b>id</b></p>IMMZ.IND.05.IP</blockquote><p><b>CQFM Population Basis</b>: boolean</p><p><b>code</b>: Initial Population <span style="background: LightGoldenRodYellow; margin: 4px; border: 1px solid khaki"> (<a href="http://terminology.hl7.org/5.2.0/CodeSystem-measure-population.html">MeasurePopulationType</a>#initial-population)</span></p><p><b>description</b>: Initial Population</p><h3>Criteria</h3><table class="grid"><tr><td style="display: none">-</td><td><b>Language</b></td><td><b>Expression</b></td></tr><tr><td style="display: none">*</td><td>text/cql</td><td>Initial Population 05</td></tr></table></blockquote><blockquote><p><b>population</b></p><blockquote><p><b>id</b></p>IMMZ.IND.05.MP</blockquote><p><b>CQFM Population Basis</b>: boolean</p><p><b>code</b>: Measure Population <span style="background: LightGoldenRodYellow; margin: 4px; border: 1px solid khaki"> (<a href="http://terminology.hl7.org/5.2.0/CodeSystem-measure-population.html">MeasurePopulationType</a>#measure-population)</span></p><p><b>description</b>: Measure Population</p><h3>Criteria</h3><table class="grid"><tr><td style="display: none">-</td><td><b>Language</b></td><td><b>Expression</b></td></tr><tr><td style="display: none">*</td><td>text/cql</td><td>Measure Population 05</td></tr></table></blockquote><blockquote><p><b>population</b></p><blockquote><p><b>id</b></p>IMMZ.IND.05.MO</blockquote><p><b>CQFM Criteria Reference</b>: measure-population</p><p><b>CQFM Aggregate Method</b>: count</p><p><b>code</b>: Measure Observation <span style="background: LightGoldenRodYellow; margin: 4px; border: 1px solid khaki"> (<a href="http://terminology.hl7.org/5.2.0/CodeSystem-measure-population.html">MeasurePopulationType</a>#measure-observation)</span></p><p><b>description</b>: Measure Observation</p><h3>Criteria</h3><table class="grid"><tr><td style="display: none">-</td><td><b>Language</b></td><td><b>Expression</b></td></tr><tr><td style="display: none">*</td><td>text/cql</td><td>Measure Observation 05</td></tr></table></blockquote><blockquote><p><b>stratifier</b></p><blockquote><p><b>id</b></p>IMMZ.IND.05.S</blockquote><h3>Criteria</h3><table class="grid"><tr><td style="display: none">-</td><td><b>Language</b></td><td><b>Expression</b></td></tr><tr><td style="display: none">*</td><td>text/cql</td><td>Stratification</td></tr></table></blockquote></blockquote></div>
  </text>
  <url value="http://smart.who.int/ig/smart-immunizations-measles/Measure/IMMZIND05"/>
  <version value="0.1.0"/>
  <name value="IMMZIND05"/>
  <status value="draft"/>
  <experimental value="false"/>
  <date value="2023-10-05"/>
  <publisher value="DANIEL NGANDU"/>
  <contact>
    <name value="DANIEL NGANDU"/>
    <telecom>
      <system value="url"/>
      <value value="http://who.int"/>
    </telecom>
  </contact>
  <description value="IMMZ.IND.05 Measles indicator for first dose."/>
  <library value="http://smart.who.int/ig/smart-immunizations-measles/Library/IMMZINDMeasles"/>
  <scoring>
    <coding>
      <system value="http://terminology.hl7.org/CodeSystem/measure-scoring"/>
      <code value="continuous-variable"/>
      <display value="Continuous Variable"/>
    </coding>
  </scoring>
  <group>
    <population id="IMMZ.IND.05.IP">
      <extension url="http://hl7.org/fhir/us/cqfmeasures/StructureDefinition/cqfm-populationBasis">
        <valueCode value="boolean"/>
      </extension>
      <code>
        <coding>
          <system value="http://terminology.hl7.org/CodeSystem/measure-population"/>
          <code value="initial-population"/>
          <display value="Initial Population"/>
        </coding>
      </code>
      <description value="Initial Population"/>
      <criteria>
        <language value="text/cql"/>
        <expression value="Initial Population 05"/>
      </criteria>
    </population>
    <population id="IMMZ.IND.05.MP">
      <extension url="http://hl7.org/fhir/us/cqfmeasures/StructureDefinition/cqfm-populationBasis">
        <valueCode value="boolean"/>
      </extension>
      <code>
        <coding>
          <system value="http://terminology.hl7.org/CodeSystem/measure-population"/>
          <code value="measure-population"/>
          <display value="Measure Population"/>
        </coding>
      </code>
      <description value="Measure Population"/>
      <criteria>
        <language value="text/cql"/>
        <expression value="Measure Population 05"/>
      </criteria>
    </population>
    <population id="IMMZ.IND.05.MO">
      <extension url="http://hl7.org/fhir/us/cqfmeasures/StructureDefinition/cqfm-criteriaReference">
        <valueString value="measure-population"/>
      </extension>
      <extension url="http://hl7.org/fhir/us/cqfmeasures/StructureDefinition/cqfm-aggregateMethod">
        <valueCode value="count"/>
      </extension>
      <code>
        <coding>
          <system value="http://terminology.hl7.org/CodeSystem/measure-population"/>
          <code value="measure-observation"/>
        </coding>
      </code>
      <description value="Measure Observation"/>
      <criteria>
        <language value="text/cql"/>
        <expression value="Measure Observation 05"/>
      </criteria>
    </population>
    <stratifier id="IMMZ.IND.05.S">
      <criteria>
        <language value="text/cql"/>
        <expression value="Stratification"/>
      </criteria>
    </stratifier>
  </group>
</Measure>