{"resourceType":"ValueSet","id":"VSMeaslesVaccineProducts","text":{"status":"generated","div":"<div xmlns=\"http://www.w3.org/1999/xhtml\"><ul><li>Include all codes defined in <a href=\"CodeSystem-VaccineProducts.html\"><code>http://smart.who.int/ig/smart-immunizations-measles-path-zambia/CodeSystem/VaccineProducts</code></a></li></ul></div>"},"url":"http://smart.who.int/ig/smart-immunizations-measles-path-zambia/ValueSet/VSMeaslesVaccineProducts","version":"0.1.0","name":"VSMeaslesVaccineProducts","title":"MeaslesVaccine Products ValueSet","status":"draft","date":"2023-10-26T08:29:23+00:00","publisher":"DANIEL NGANDU","contact":[{"name":"DANIEL NGANDU","telecom":[{"system":"url","value":"http://who.int"}]}],"description":"Vaccine Product Codes - representing the codes of the products currently available.","compose":{"include":[{"system":"http://smart.who.int/ig/smart-immunizations-measles-path-zambia/CodeSystem/VaccineProducts"}]}}